tx_hash,crypto_type,amount,fee,timestamp,sender_wallet,receiver_wallet,fraud
0x999adfe502d258c2,QTOK,0.351854,0.000915,2024-01-01 00:00:00,wallet_1959,wallet_2669,0
0x7fcd26d81c57c83c,QTOK,0.875666,0.002919,2024-01-01 01:00:00,wallet_1100,wallet_2634,0
0xde660c1d60e26573,QTOK,0.192868,0.002113,2024-01-01 02:00:00,wallet_1165,wallet_2951,0
0x73fedfc508c5dac7,QTOK,1.129395,0.004464,2024-01-01 03:00:00,wallet_1487,wallet_2715,0
0xf73a7f4a6f5f3cba,QTOK,0.246494,0.004089,2024-01-01 04:00:00,wallet_1964,wallet_2862,0
0x2a70a6a0f560ae5a,QTOK,0.005448,0.001716,2024-01-01 05:00:00,wallet_1397,wallet_2802,0
0xe7853debafa835f6,QTOK,1.178954,0.001305,2024-01-01 06:00:00,wallet_1376,wallet_2779,0
0x487f50ac74f1a567,QTOK,0.047863,0.001905,2024-01-01 07:00:00,wallet_1609,wallet_2391,0
0xdd623b466e1847c3,QTOK,0.192327,0.002956,2024-01-01 08:00:00,wallet_1611,wallet_2058,0
0xeb7da35e39d4540d,QTOK,1.498486,0.001348,2024-01-01 09:00:00,wallet_1735,wallet_2553,0
0x9aa23617a035b66e,QTOK,1.503975,0.003125,2024-01-01 10:00:00,wallet_1956,wallet_2949,0
0x31df3bcc7d153960,QTOK,0.425999,0.002053,2024-01-01 11:00:00,wallet_1331,wallet_2382,0
0x4d088afa45d00996,QTOK,0.499615,0.002765,2024-01-01 12:00:00,wallet_1473,wallet_2030,0
0x9a8883778ba41395,QTOK,0.297507,0.002186,2024-01-01 13:00:00,wallet_1543,wallet_2073,0
0x0fb6db0a14a26e9e,QTOK,0.173511,0.001479,2024-01-01 14:00:00,wallet_1159,wallet_2871,0
0xc1cbc22614f9114f,QTOK,0.199243,0.004743,2024-01-01 15:00:00,wallet_1562,wallet_2360,0
0x013c679787f0dea0,QTOK,0.558162,0.00382,2024-01-01 16:00:00,wallet_1486,wallet_2557,0
0x433cb6064bc5b79f,QTOK,0.697919,0.000709,2024-01-01 17:00:00,wallet_1964,wallet_2907,0
0xe391d9b5f1284988,QTOK,0.784098,0.004344,2024-01-01 18:00:00,wallet_1554,wallet_2956,0
0xb33ff1be750a4487,QTOK,0.779416,0.002442,2024-01-01 19:00:00,wallet_1776,wallet_2528,0
0x77f42eb2dea32c0a,QTOK,0.047818,0.004474,2024-01-01 20:00:00,wallet_1944,wallet_2247,0
0xb4f133a1db3c4ddb,QTOK,0.341025,0.004001,2024-01-01 21:00:00,wallet_1915,wallet_2453,0
0x38279b833adbca14,QTOK,0.029641,0.002132,2024-01-01 22:00:00,wallet_1130,wallet_2686,0
0x0c3558d18b8a5760,QTOK,0.398731,0.000122,2024-01-01 23:00:00,wallet_1452,wallet_2342,0
0xa23d826a7304bfb5,QTOK,0.291278,0.001351,2024-01-02 00:00:00,wallet_1930,wallet_2222,0
0x22c65f71df89b605,QTOK,1.093309,0.002713,2024-01-02 01:00:00,wallet_1752,wallet_2707,0
0xb24d7a3186cb20cf,QTOK,0.216096,0.003171,2024-01-02 02:00:00,wallet_1683,wallet_2197,0
0xc5e5b596f647e1f9,QTOK,0.062253,0.001297,2024-01-02 03:00:00,wallet_1637,wallet_2326,0
0xad76f089dee42ae5,QTOK,0.077154,0.000705,2024-01-02 04:00:00,wallet_1765,wallet_2943,0
0x8e149f9932122098,QTOK,0.716715,0.004176,2024-01-02 05:00:00,wallet_1108,wallet_2288,0
0xda3e356759357c2f,QTOK,0.481453,0.004922,2024-01-02 06:00:00,wallet_1261,wallet_2130,0
0x2d307c3834f0944d,QTOK,0.053304,0.002633,2024-01-02 07:00:00,wallet_1084,wallet_2838,0
0xc92ee06f327784e8,QTOK,0.043928,0.000867,2024-01-02 08:00:00,wallet_1332,wallet_2899,0
0x318f7e3fd4dddbc7,QTOK,0.603604,0.001369,2024-01-02 09:00:00,wallet_1196,wallet_2554,0
0xee4a2c7581ed4697,QTOK,0.037773,0.000102,2024-01-02 10:00:00,wallet_1367,wallet_2674,0
0x14d90a5295f796e8,QTOK,0.862593,0.004572,2024-01-02 11:00:00,wallet_1155,wallet_2785,0
0xf998071d66fb2689,QTOK,0.6125,0.000598,2024-01-02 12:00:00,wallet_1746,wallet_2878,0
0x1b4f28af54bc8b06,QTOK,0.042424,0.002887,2024-01-02 13:00:00,wallet_1525,wallet_2571,0
0xfdf9ee217e82cf39,QTOK,0.044327,0.001378,2024-01-02 14:00:00,wallet_1894,wallet_2809,0
0xf817e77fbeb88d9b,QTOK,2.157729,0.002775,2024-01-02 15:00:00,wallet_1947,wallet_2269,1
0x46edcc5b27859eae,QTOK,0.234419,0.003261,2024-01-02 16:00:00,wallet_1536,wallet_2401,0
0xaaa8285c1ecd9233,QTOK,0.231528,0.00415,2024-01-02 17:00:00,wallet_1774,wallet_2766,0
0x2c2324fdb682367e,QTOK,0.837788,0.00104,2024-01-02 18:00:00,wallet_1002,wallet_2396,0
0x962add311b40c386,QTOK,1.471082,0.000065,2024-01-02 19:00:00,wallet_1680,wallet_2205,0
0x664000bc66506c8f,QTOK,2.134387,0.000693,2024-01-02 20:00:00,wallet_1881,wallet_2087,0
0x245a16009e28fbf5,QTOK,0.69995,0.004501,2024-01-02 21:00:00,wallet_1655,wallet_2755,0
0x8adbc2e99006171c,QTOK,0.23601,0.004371,2024-01-02 22:00:00,wallet_1766,wallet_2736,0
0x6a5ed2e637ee3096,QTOK,0.043597,0.002991,2024-01-02 23:00:00,wallet_1159,wallet_2752,0
0x829dba57d38f3393,QTOK,0.750621,0.003007,2024-01-03 00:00:00,wallet_1290,wallet_2747,0
0xb1ada123595127d3,QTOK,0.40868,0.003329,2024-01-03 01:00:00,wallet_1168,wallet_2699,0
0x83a5913d7c97fb6b,QTOK,0.276017,0.000885,2024-01-03 02:00:00,wallet_1933,wallet_2554,0
0x1062900729aa4c38,QTOK,1.184119,0.004573,2024-01-03 03:00:00,wallet_1116,wallet_2716,0
0x622bc70b093b0cdc,QTOK,0.05894,0.0021,2024-01-03 04:00:00,wallet_1167,wallet_2785,0
0x2f7302d8d1506abf,QTOK,0.339253,0.001922,2024-01-03 05:00:00,wallet_1059,wallet_2117,0
0x4ef6f56a4eace95b,QTOK,0.005709,0.002599,2024-01-03 06:00:00,wallet_1161,wallet_2060,0
0x3256ff7abb17acbe,QTOK,0.316177,0.000244,2024-01-03 07:00:00,wallet_1407,wallet_2138,0
0x2e460c74355e1325,QTOK,0.028975,0.00084,2024-01-03 08:00:00,wallet_1378,wallet_2383,0
0x68426babf355416d,QTOK,0.063245,0.003693,2024-01-03 09:00:00,wallet_1460,wallet_2010,0
0xa0ee383118332ec1,QTOK,0.062513,0.000423,2024-01-03 10:00:00,wallet_1100,wallet_2491,0
0x1aad39a8f67b94db,QTOK,0.523784,0.00302,2024-01-03 11:00:00,wallet_1678,wallet_2674,0
0x38527e18d37aaf2a,QTOK,0.685299,0.001234,2024-01-03 12:00:00,wallet_1311,wallet_2846,0
0x3381e97a170ee90f,QTOK,0.437777,0.001953,2024-01-03 13:00:00,wallet_1004,wallet_2740,0
0x68addbbf11bf98f9,QTOK,1.63736,0.001451,2024-01-03 14:00:00,wallet_1954,wallet_2259,0
0x81018f9c8e4486fc,QTOK,0.234898,0.001785,2024-01-03 15:00:00,wallet_1635,wallet_2579,0
0x8cc886581041de1a,QTOK,0.168235,0.003598,2024-01-03 16:00:00,wallet_1730,wallet_2095,0
0xb9bb76dc8a47dac5,QTOK,1.014751,0.001493,2024-01-03 17:00:00,wallet_1100,wallet_2045,0
0x6876a38323c86712,QTOK,0.126541,0.002836,2024-01-03 18:00:00,wallet_1334,wallet_2134,0
0xcb016ce35b948a80,QTOK,1.651435,0.002385,2024-01-03 19:00:00,wallet_1951,wallet_2668,0
0x03f2d8ce9ec2c850,QTOK,0.006114,0.003322,2024-01-03 20:00:00,wallet_1094,wallet_2446,0
0x18ab04f9c3ab2bcf,QTOK,1.751263,0.004685,2024-01-03 21:00:00,wallet_1444,wallet_2632,1
0xdb8216c44bc8def9,QTOK,0.022059,0.003666,2024-01-03 22:00:00,wallet_1916,wallet_2692,0
0x9d60567231accba7,QTOK,1.108861,0.001083,2024-01-03 23:00:00,wallet_1372,wallet_2820,0
0x2dc792888d1a03b2,QTOK,0.375072,0.000166,2024-01-04 00:00:00,wallet_1615,wallet_2313,0
0x6e6ff9c53edc376d,QTOK,2.478414,0.001319,2024-01-04 01:00:00,wallet_1877,wallet_2147,0
0xe5df06ba065af7de,QTOK,0.038331,0.002979,2024-01-04 02:00:00,wallet_1228,wallet_2013,0
0xfdac90008b607f37,QTOK,0.403555,0.000267,2024-01-04 03:00:00,wallet_1329,wallet_2925,0
0xd9b523ec345957a6,QTOK,1.741788,0.002487,2024-01-04 04:00:00,wallet_1601,wallet_2398,1
0x06cf02858b28cf4e,QTOK,0.370222,0.002988,2024-01-04 05:00:00,wallet_1052,wallet_2665,0
0xe40493c301707dc9,QTOK,0.496314,0.001678,2024-01-04 06:00:00,wallet_1753,wallet_2183,0
0x80aee8932921ef5b,QTOK,0.594951,0.003857,2024-01-04 07:00:00,wallet_1851,wallet_2359,0
0x0c6394da7d106e6e,QTOK,0.303064,0.000542,2024-01-04 08:00:00,wallet_1067,wallet_2281,0
0x488cb8ca614d4733,QTOK,0.493837,0.000385,2024-01-04 09:00:00,wallet_1131,wallet_2896,0
0x09b8a3e8556f3cf7,QTOK,0.438913,0.003644,2024-01-04 10:00:00,wallet_1004,wallet_2737,0
0xd4436133882d12f0,QTOK,1.157116,0.002483,2024-01-04 11:00:00,wallet_1556,wallet_2213,0
0x7979858bf28e4af8,QTOK,0.023256,0.003445,2024-01-04 12:00:00,wallet_1912,wallet_2452,0
0x9b6cff8804c43fff,QTOK,0.164921,0.00218,2024-01-04 13:00:00,wallet_1434,wallet_2673,0
0x64f6aedf7b936c1f,QTOK,1.501998,0.00124,2024-01-04 14:00:00,wallet_1287,wallet_2120,0
0x74998f4a95efd723,QTOK,1.104838,0.004097,2024-01-04 15:00:00,wallet_2000,wallet_2707,0
0x57faacb530d5c9ab,QTOK,0.304088,0.003999,2024-01-04 16:00:00,wallet_1507,wallet_2511,0
0x17aa8b33221e77e4,QTOK,0.483967,0.003477,2024-01-04 17:00:00,wallet_1348,wallet_2620,0
0xd7916c3bd4021132,QTOK,0.162437,0.001368,2024-01-04 18:00:00,wallet_1933,wallet_2218,0
0x6e829ed7d44f42ff,QTOK,0.104202,0.002955,2024-01-04 19:00:00,wallet_1055,wallet_2077,0
0xcb4f31a39da55f77,QTOK,0.311529,0.001811,2024-01-04 20:00:00,wallet_1584,wallet_2435,0
0xe7be7ed76e81c7c3,QTOK,0.217977,0.000467,2024-01-04 21:00:00,wallet_1996,wallet_2237,0
0xc04426701f8cf30f,QTOK,0.438122,0.004587,2024-01-04 22:00:00,wallet_1867,wallet_2451,0
0x482dab55f23f707d,QTOK,0.040461,0.000693,2024-01-04 23:00:00,wallet_1201,wallet_2418,0
0x10b20ced169bbc3d,QTOK,1.83248,0.004752,2024-01-05 00:00:00,wallet_1383,wallet_2653,0
0xbc33afd7b78de459,QTOK,2.141933,0.002236,2024-01-05 01:00:00,wallet_1574,wallet_2259,1
0xbb386e4537cdf55d,QTOK,0.598932,0.000934,2024-01-05 02:00:00,wallet_1666,wallet_2001,0
0x16dc5c9b1f8ea0a9,QTOK,0.384039,0.002714,2024-01-05 03:00:00,wallet_1490,wallet_2740,0
0x57476a77aa37ac6c,QTOK,0.18519,0.004366,2024-01-05 04:00:00,wallet_1001,wallet_2678,0
0x5f2454b9f2ba4041,QTOK,0.840454,0.003664,2024-01-05 05:00:00,wallet_1703,wallet_2173,0
0x57a685034c1b6b70,QTOK,0.577165,0.004035,2024-01-05 06:00:00,wallet_1975,wallet_2837,0
0xa2833f761c6c4eea,QTOK,0.088737,0.003297,2024-01-05 07:00:00,wallet_1872,wallet_2159,0
0x25b456ff6df8ccca,QTOK,1.209151,0.003464,2024-01-05 08:00:00,wallet_1365,wallet_2311,1
0x5e3a7c556ca5f2cb,QTOK,0.864497,0.004247,2024-01-05 09:00:00,wallet_1384,wallet_2006,0
0x1e868d1af3d909ea,QTOK,1.495869,0.001256,2024-01-05 10:00:00,wallet_1714,wallet_2635,0
0x500d9869779a7af0,QTOK,0.646802,0.002452,2024-01-05 11:00:00,wallet_1584,wallet_2110,0
0x81558597b028dff2,QTOK,0.475202,0.001114,2024-01-05 12:00:00,wallet_1555,wallet_2580,0
0x12c9719f9ecbc94b,QTOK,0.270851,0.004938,2024-01-05 13:00:00,wallet_1975,wallet_2822,0
0x1bcca673e31d46b4,QTOK,1.349509,0.004721,2024-01-05 14:00:00,wallet_1945,wallet_2979,0
0x66fd122eb8af239e,QTOK,1.005196,0.000207,2024-01-05 15:00:00,wallet_1383,wallet_2175,0
0x7c6f846288a75d96,QTOK,0.023136,0.003531,2024-01-05 16:00:00,wallet_1027,wallet_2619,0
0x80ea66322696e6ad,QTOK,0.01336,0.004627,2024-01-05 17:00:00,wallet_1720,wallet_2848,0
0xdddf9caeb75271c2,QTOK,0.236174,0.000911,2024-01-05 18:00:00,wallet_1180,wallet_2343,0
0xd7ac4ae28718eafc,QTOK,0.831824,0.002844,2024-01-05 19:00:00,wallet_1475,wallet_2553,0
0xf33afb466ab5d9c0,QTOK,2.182138,0.004578,2024-01-05 20:00:00,wallet_1880,wallet_2961,1
0x9d5c8fd3e4ef7f85,QTOK,0.081505,0.000179,2024-01-05 21:00:00,wallet_1420,wallet_2430,0
0x8722a372d42e9314,QTOK,0.450862,0.00349,2024-01-05 22:00:00,wallet_1059,wallet_2989,0
0x705e32a0a5b8a07b,QTOK,0.239737,0.001494,2024-01-05 23:00:00,wallet_1210,wallet_2086,0
0xbc4eabee1436023b,QTOK,1.751854,0.004623,2024-01-06 00:00:00,wallet_1472,wallet_2649,0
0x4bde3a8f92a002e4,QTOK,0.922957,0.004856,2024-01-06 01:00:00,wallet_1271,wallet_2833,0
0x53b7a6ed65155016,QTOK,0.911095,0.004722,2024-01-06 02:00:00,wallet_1874,wallet_2560,0
0x3fb6732519b8bd24,QTOK,0.316208,0.002376,2024-01-06 03:00:00,wallet_1063,wallet_2658,0
0x8d88dacafbab6bdf,QTOK,0.267917,0.004312,2024-01-06 04:00:00,wallet_1360,wallet_2678,0
0x6a6ddb60dcf75c03,QTOK,0.159694,0.004224,2024-01-06 05:00:00,wallet_1718,wallet_2330,0
0x6c9637d03ace5af4,QTOK,0.029013,0.001602,2024-01-06 06:00:00,wallet_1225,wallet_2607,0
0xb758b16845fa4a04,QTOK,1.000213,0.004146,2024-01-06 07:00:00,wallet_1164,wallet_2902,0
0xfc35fb95b47c50ed,QTOK,0.838059,0.000195,2024-01-06 08:00:00,wallet_1662,wallet_2440,0
0x97c815909f3600c0,QTOK,4.086223,0.002985,2024-01-06 09:00:00,wallet_1473,wallet_2338,1
0xc661ad379418f392,QTOK,2.847437,0.001158,2024-01-06 10:00:00,wallet_1599,wallet_2365,1
0x6a71701a28228531,QTOK,0.405326,0.000612,2024-01-06 11:00:00,wallet_1426,wallet_2265,0
0xf506eb5183a8987b,QTOK,0.732642,0.000394,2024-01-06 12:00:00,wallet_1653,wallet_2737,0
0xf649544dd2079fd6,QTOK,1.448086,0.003484,2024-01-06 13:00:00,wallet_1232,wallet_2538,0
0x3a72eb8da1a1dd8b,QTOK,0.947386,0.001706,2024-01-06 14:00:00,wallet_1741,wallet_2481,0
0xeeb7d4f3a05fef40,QTOK,0.142076,0.003627,2024-01-06 15:00:00,wallet_1407,wallet_2501,0
0x25ae4efc620373d7,QTOK,0.299413,0.000336,2024-01-06 16:00:00,wallet_1892,wallet_2368,0
0xb6481f5d004b20b9,QTOK,0.069148,0.001583,2024-01-06 17:00:00,wallet_1452,wallet_2440,0
0x22dcee8c5ce4c88f,QTOK,1.540112,0.002702,2024-01-06 18:00:00,wallet_1618,wallet_2222,0
0xc1cc6f8de32767c2,QTOK,0.465924,0.003956,2024-01-06 19:00:00,wallet_1593,wallet_2977,0
0xc98f33f4cadbb2ca,QTOK,0.129802,0.001601,2024-01-06 20:00:00,wallet_1997,wallet_2438,0
0xdab8fa5f9879eaeb,QTOK,0.556915,0.003133,2024-01-06 21:00:00,wallet_1706,wallet_2891,0
0x61a53738ea05eb90,QTOK,0.481335,0.004431,2024-01-06 22:00:00,wallet_1485,wallet_2329,0
0xdf857f9fcb0cfe16,QTOK,0.22171,0.003083,2024-01-06 23:00:00,wallet_1001,wallet_2241,0
0xb02c487d82679d06,QTOK,0.06027,0.001172,2024-01-07 00:00:00,wallet_1489,wallet_2013,0
0xd46d13bb494c285c,QTOK,0.556721,0.000132,2024-01-07 01:00:00,wallet_1200,wallet_2955,0
0x0540f57e6f6ac90e,QTOK,0.367305,0.004352,2024-01-07 02:00:00,wallet_1634,wallet_2398,0
0xe692fc0961113b22,QTOK,0.739904,0.000116,2024-01-07 03:00:00,wallet_1026,wallet_2341,0
0xb5ffa1be9dfd970a,QTOK,0.367155,0.004375,2024-01-07 04:00:00,wallet_1915,wallet_2647,0
0xf1c499d620c950a3,QTOK,0.955885,0.002649,2024-01-07 05:00:00,wallet_1674,wallet_2973,0
0x5928966eb183c795,QTOK,0.401377,0.004696,2024-01-07 06:00:00,wallet_1692,wallet_2171,0
0xf66fd3183069cd85,QTOK,0.411557,0.003996,2024-01-07 07:00:00,wallet_1038,wallet_2768,0
0x52975f91cd1b3f3d,QTOK,1.046379,0.00499,2024-01-07 08:00:00,wallet_1901,wallet_2651,1
0xaf03859cd70852b6,QTOK,0.258324,0.00176,2024-01-07 09:00:00,wallet_1442,wallet_2218,0
0xd83a8bf033b7c305,QTOK,0.071944,0.003838,2024-01-07 10:00:00,wallet_1377,wallet_2424,0
0xaa2ab5da61989853,QTOK,0.014603,0.002016,2024-01-07 11:00:00,wallet_1574,wallet_2539,0
0xd3941e8f0d0f3c53,QTOK,0.703529,0.002405,2024-01-07 12:00:00,wallet_1571,wallet_2877,0
0x1dbda9de4328e540,QTOK,0.484199,0.003141,2024-01-07 13:00:00,wallet_1516,wallet_2863,0
0x59fea8a32207f294,QTOK,0.608833,0.00437,2024-01-07 14:00:00,wallet_1215,wallet_2188,0
0x29d9daadd8e4abe0,QTOK,0.119741,0.004921,2024-01-07 15:00:00,wallet_1163,wallet_2600,0
0xd3a675885c1014ce,QTOK,0.073306,0.003844,2024-01-07 16:00:00,wallet_1322,wallet_2600,0
0x4de173bdb80aece7,QTOK,0.007326,0.002095,2024-01-07 17:00:00,wallet_1053,wallet_2197,0
0x39c703b3144c9a6e,QTOK,0.215844,0.002113,2024-01-07 18:00:00,wallet_1408,wallet_2562,0
0x63a1632721fda577,QTOK,0.445699,0.003691,2024-01-07 19:00:00,wallet_1388,wallet_2635,0
0xbdb8342034d2f1a0,QTOK,0.248991,0.001201,2024-01-07 20:00:00,wallet_1058,wallet_2677,0
0x49eecd03023aa0e2,QTOK,0.28766,0.000561,2024-01-07 21:00:00,wallet_1171,wallet_2576,0
0x44c8ac25358b6c13,QTOK,1.172531,0.00178,2024-01-07 22:00:00,wallet_1934,wallet_2551,0
0x52e5f8e999e13a2b,QTOK,0.214051,0.001443,2024-01-07 23:00:00,wallet_1143,wallet_2972,0
0xa25878bfc0237839,QTOK,0.360763,0.001489,2024-01-08 00:00:00,wallet_1236,wallet_2987,0
0x2b011e93de8e0047,QTOK,0.765436,0.001176,2024-01-08 01:00:00,wallet_1831,wallet_2674,0
0x5cff4d578b583227,QTOK,0.25254,0.00022,2024-01-08 02:00:00,wallet_1084,wallet_2304,0
0x352cee79eeab5dac,QTOK,0.486545,0.000099,2024-01-08 03:00:00,wallet_1718,wallet_2225,0
0x975e2ecc9490f040,QTOK,0.99157,0.004939,2024-01-08 04:00:00,wallet_1281,wallet_2787,0
0x407d76bdf197688c,QTOK,1.493095,0.002145,2024-01-08 05:00:00,wallet_1527,wallet_2378,0
0x1c08992856aa3c57,QTOK,0.079541,0.001928,2024-01-08 06:00:00,wallet_1407,wallet_2700,0
0xbc25329c87eb7f6f,QTOK,1.305831,0.003401,2024-01-08 07:00:00,wallet_1033,wallet_2757,1
0x4d236982a0f6edcf,QTOK,0.338751,0.001099,2024-01-08 08:00:00,wallet_1558,wallet_2871,0
0x8190310fcfb2d544,QTOK,0.149368,0.00475,2024-01-08 09:00:00,wallet_1469,wallet_2609,0
0x42f6e787b7b69192,QTOK,0.307293,0.003934,2024-01-08 10:00:00,wallet_1999,wallet_2488,0
0x1fab64401273e2f5,QTOK,1.956827,0.000456,2024-01-08 11:00:00,wallet_1213,wallet_2078,1
0xd16aee2cd6fb166d,QTOK,0.339246,0.002094,2024-01-08 12:00:00,wallet_1909,wallet_2765,0
0x9f576bc36abfdb74,QTOK,0.199308,0.004397,2024-01-08 13:00:00,wallet_1325,wallet_2132,0
0xbfaf8cedd4bbda3b,QTOK,0.501743,0.004724,2024-01-08 14:00:00,wallet_1335,wallet_2117,0
0xce3639312e981244,QTOK,0.137314,0.002342,2024-01-08 15:00:00,wallet_1367,wallet_2397,0
0xe613c3f83fb453a5,QTOK,0.039448,0.003071,2024-01-08 16:00:00,wallet_1017,wallet_2063,0
0x8efa7899204b3eba,QTOK,0.068988,0.000843,2024-01-08 17:00:00,wallet_1061,wallet_2486,0
0xf88796c05e205b38,QTOK,0.068509,0.004956,2024-01-08 18:00:00,wallet_1005,wallet_2419,0
0xcbce96014d3afa3f,QTOK,0.08238,0.001166,2024-01-08 19:00:00,wallet_1205,wallet_2068,0
0x70f7311d1c8e001e,QTOK,0.07473,0.004714,2024-01-08 20:00:00,wallet_1348,wallet_2215,0
0xd88ca28e132f0714,QTOK,0.512042,0.003252,2024-01-08 21:00:00,wallet_1209,wallet_2088,0
0xe3e5076da51f5858,QTOK,0.100373,0.003043,2024-01-08 22:00:00,wallet_1231,wallet_2408,0
0x7f42b6be3f3546ea,QTOK,0.21207,0.002568,2024-01-08 23:00:00,wallet_1186,wallet_2329,0
0x14aa8f8bc120f9c5,QTOK,1.135487,0.001161,2024-01-09 00:00:00,wallet_1456,wallet_2673,0
0xc7969d2d1bd0b385,QTOK,0.321191,0.000891,2024-01-09 01:00:00,wallet_1003,wallet_2114,0
0xc4a0f88720548cd4,QTOK,0.550645,0.00111,2024-01-09 02:00:00,wallet_1541,wallet_2738,0
0x5fa38df184aef290,QTOK,0.094564,0.00094,2024-01-09 03:00:00,wallet_1081,wallet_2708,0
0x8909351cc6b6bba6,QTOK,0.106775,0.0039,2024-01-09 04:00:00,wallet_1159,wallet_2599,0
0x54233c2fa14be093,QTOK,0.020864,0.001757,2024-01-09 05:00:00,wallet_1811,wallet_2036,0
0x7cd4b5a9a68a1891,QTOK,0.092524,0.000299,2024-01-09 06:00:00,wallet_1645,wallet_2193,0
0x29c35e2ed29f1b84,QTOK,0.163274,0.004846,2024-01-09 07:00:00,wallet_1090,wallet_2491,0
0x5e1852a188ad4ed8,QTOK,0.097406,0.00442,2024-01-09 08:00:00,wallet_1830,wallet_2846,0
0x161ea9e592a48d05,QTOK,0.046443,0.004639,2024-01-09 09:00:00,wallet_1159,wallet_2322,0
0xc8b3016eedbcbca6,QTOK,0.064278,0.004975,2024-01-09 10:00:00,wallet_1838,wallet_2640,0
0x847a226f9f28b2f2,QTOK,0.308815,0.000878,2024-01-09 11:00:00,wallet_1741,wallet_2257,0
0xd7ffc8d87ad037ee,QTOK,0.115546,0.001987,2024-01-09 12:00:00,wallet_1684,wallet_2897,0
0x0ba7c02389001636,QTOK,0.226491,0.003794,2024-01-09 13:00:00,wallet_1426,wallet_2994,0
0x3162593448b71662,QTOK,0.350003,0.003483,2024-01-09 14:00:00,wallet_1499,wallet_2821,0
0x3712cb10e05c0f9e,QTOK,0.586229,0.000778,2024-01-09 15:00:00,wallet_1110,wallet_2552,0
0x2a334859c86fd565,QTOK,0.020053,0.004081,2024-01-09 16:00:00,wallet_1660,wallet_2715,0
0x9a27be909cea2198,QTOK,0.803247,0.00113,2024-01-09 17:00:00,wallet_1413,wallet_2434,0
0xb394780ac5895b5d,QTOK,0.494297,0.001127,2024-01-09 18:00:00,wallet_1277,wallet_2238,0
0xa5dd33aa794e2407,QTOK,0.042648,0.00269,2024-01-09 19:00:00,wallet_1273,wallet_2172,0
0x797665ecc99ab281,QTOK,1.034067,0.002969,2024-01-09 20:00:00,wallet_1135,wallet_2115,0
0x86a1ab97dc43cb10,QTOK,1.268347,0.002905,2024-01-09 21:00:00,wallet_1880,wallet_2031,1
0xf43cef709db91245,QTOK,0.031511,0.000467,2024-01-09 22:00:00,wallet_1737,wallet_2145,0
0xef8d67e97406a0c8,QTOK,0.162088,0.004389,2024-01-09 23:00:00,wallet_1748,wallet_2623,0
0x454fdc280c926144,QTOK,0.820468,0.001335,2024-01-10 00:00:00,wallet_1242,wallet_2606,0
0x1fcdef5c2dd74419,QTOK,0.689679,0.000656,2024-01-10 01:00:00,wallet_1982,wallet_2926,0
0x7b2a28950005c466,QTOK,0.10199,0.004445,2024-01-10 02:00:00,wallet_1129,wallet_2149,0
0x44692c3ebf507797,QTOK,0.11745,0.004779,2024-01-10 03:00:00,wallet_1530,wallet_2828,0
0x18afe0d1877b8e64,QTOK,0.231393,0.004312,2024-01-10 04:00:00,wallet_1690,wallet_2209,0
0x7716cac6f9490b89,QTOK,0.331331,0.004049,2024-01-10 05:00:00,wallet_1553,wallet_2771,0
0x2e587b40c737866a,QTOK,0.481501,0.00328,2024-01-10 06:00:00,wallet_1583,wallet_2875,0
0x0b70ca5642ee8409,QTOK,0.230156,0.002759,2024-01-10 07:00:00,wallet_1838,wallet_2146,0
0x8413d1a139430d64,QTOK,0.310446,0.000444,2024-01-10 08:00:00,wallet_1292,wallet_2705,0
0x25cdbf6fcbd7f1f1,QTOK,0.688114,0.002048,2024-01-10 09:00:00,wallet_1965,wallet_2703,0
0xce609ee30af28d22,QTOK,0.018686,0.00187,2024-01-10 10:00:00,wallet_1505,wallet_2250,0
0x00428c13398579b7,QTOK,0.145468,0.001306,2024-01-10 11:00:00,wallet_1468,wallet_2146,0
0x368ce54e97235c82,QTOK,0.624746,0.00362,2024-01-10 12:00:00,wallet_1098,wallet_2232,0
0x565d243742953527,QTOK,1.127883,0.002484,2024-01-10 13:00:00,wallet_1665,wallet_2577,0
0x42f7b20a155fc68d,QTOK,0.35839,0.000414,2024-01-10 14:00:00,wallet_1070,wallet_2260,0
0x0e20bc52b391d41a,QTOK,0.379765,0.001109,2024-01-10 15:00:00,wallet_1399,wallet_2967,0
0x18bf907e74a69a5a,QTOK,0.056681,0.003419,2024-01-10 16:00:00,wallet_1161,wallet_2704,0
0xfdd072c4ad25b6d2,QTOK,0.296572,0.00039,2024-01-10 17:00:00,wallet_1190,wallet_2469,0
0x840c0db81da06cf2,QTOK,0.380303,0.004258,2024-01-10 18:00:00,wallet_1893,wallet_2044,0
0x3b44820210247e54,QTOK,0.138846,0.002481,2024-01-10 19:00:00,wallet_1324,wallet_2971,0
0x34c7db69353cda51,QTOK,0.156837,0.002408,2024-01-10 20:00:00,wallet_1138,wallet_2821,0
0xa411bc9448a088e6,QTOK,0.236832,0.002966,2024-01-10 21:00:00,wallet_1062,wallet_2224,0
0xf00f264a9696c087,QTOK,0.010138,0.004125,2024-01-10 22:00:00,wallet_1920,wallet_2216,0
0xf26ec69dd8f15204,QTOK,0.194362,0.001746,2024-01-10 23:00:00,wallet_1030,wallet_2929,0
0xf17523d7bea6f77a,QTOK,0.118778,0.003393,2024-01-11 00:00:00,wallet_1531,wallet_2069,0
0xa7de9fba5989faa3,QTOK,0.198375,0.002833,2024-01-11 01:00:00,wallet_1098,wallet_2638,0
0x98892bc684b90ff5,QTOK,0.063782,0.001342,2024-01-11 02:00:00,wallet_1770,wallet_2798,0
0xac55cd5e63272f72,QTOK,1.10604,0.004394,2024-01-11 03:00:00,wallet_1223,wallet_2115,0
0xea6570f2023fb6b3,QTOK,0.450199,0.003989,2024-01-11 04:00:00,wallet_1598,wallet_2685,0
0x85b32a466c2cc8d9,QTOK,0.568316,0.003296,2024-01-11 05:00:00,wallet_1392,wallet_2159,0
0x3f7aefa72ee6ee50,QTOK,0.778355,0.004254,2024-01-11 06:00:00,wallet_1326,wallet_2181,0
0xd3058ed99b05dca1,QTOK,0.345018,0.004338,2024-01-11 07:00:00,wallet_1473,wallet_2296,0
0xed3da473c46a88b1,QTOK,0.045466,0.003545,2024-01-11 08:00:00,wallet_1783,wallet_2501,0
0x5bd73c8f2bd4cb91,QTOK,0.385129,0.004187,2024-01-11 09:00:00,wallet_1587,wallet_2311,0
0x150ab50976129761,QTOK,0.441962,0.00349,2024-01-11 10:00:00,wallet_1213,wallet_2963,0
0x71b03f41e667d1c1,QTOK,0.684108,0.003404,2024-01-11 11:00:00,wallet_1644,wallet_2969,0
0xcf45ce70a7c9067f,QTOK,0.282517,0.003097,2024-01-11 12:00:00,wallet_1088,wallet_2243,0
0x52b47daf9bd36d0a,QTOK,0.068242,0.003766,2024-01-11 13:00:00,wallet_1621,wallet_2268,0
0x666c8b07b330dfd5,QTOK,0.166881,0.000801,2024-01-11 14:00:00,wallet_1007,wallet_2207,0
0x495f4b7f915dd70c,QTOK,0.225557,0.004406,2024-01-11 15:00:00,wallet_1130,wallet_2022,0
0x5c1d49d281d2ed8d,QTOK,0.519112,0.00436,2024-01-11 16:00:00,wallet_1153,wallet_2618,0
0x9ab96f2ad7ba6200,QTOK,0.422891,0.000156,2024-01-11 17:00:00,wallet_1334,wallet_2949,0
0x8fe3027e40e9ec68,QTOK,0.220103,0.004131,2024-01-11 18:00:00,wallet_1325,wallet_2991,0
0xefd0c70f149b1259,QTOK,2.153098,0.000653,2024-01-11 19:00:00,wallet_1426,wallet_2927,1
0x92171df2135342c8,QTOK,0.465417,0.001682,2024-01-11 20:00:00,wallet_1547,wallet_2582,0
0xae7869c139312343,QTOK,0.135397,0.00372,2024-01-11 21:00:00,wallet_1576,wallet_2612,0
0x3c2561b720d92f24,QTOK,0.053672,0.000812,2024-01-11 22:00:00,wallet_1522,wallet_2963,0
0x19401e7b6952c5dd,QTOK,0.082944,0.004092,2024-01-11 23:00:00,wallet_1863,wallet_2871,0
0x0c35db6888a819ec,QTOK,0.141153,0.004162,2024-01-12 00:00:00,wallet_1265,wallet_2596,0
0x04d6b5fbac770c88,QTOK,0.087582,0.002542,2024-01-12 01:00:00,wallet_1954,wallet_2923,0
0xa45c9621c40a36ec,QTOK,0.103246,0.000042,2024-01-12 02:00:00,wallet_1038,wallet_2286,0
0x81e97ef05a1a3975,QTOK,0.167803,0.001442,2024-01-12 03:00:00,wallet_1571,wallet_2694,0
0xc34fec6fc33a79be,QTOK,0.095201,0.003088,2024-01-12 04:00:00,wallet_1742,wallet_2420,0
0xb5654e84a3f591d1,QTOK,1.135376,0.004906,2024-01-12 05:00:00,wallet_1335,wallet_2381,0
0x9eda4285d2e6bca4,QTOK,0.041818,0.003163,2024-01-12 06:00:00,wallet_1992,wallet_2879,0
0x6c9e2e817d8470e3,QTOK,0.371706,0.001306,2024-01-12 07:00:00,wallet_1684,wallet_2891,0
0x6c1c17a749d3b8d7,QTOK,0.264153,0.003174,2024-01-12 08:00:00,wallet_1801,wallet_2840,0
0x37faad1750def911,QTOK,2.019321,0.002705,2024-01-12 09:00:00,wallet_1394,wallet_2479,1
0x30e4d9dca29b8ce5,QTOK,0.059414,0.003901,2024-01-12 10:00:00,wallet_1316,wallet_2638,0
0x04acad9978f469c8,QTOK,0.253629,0.000544,2024-01-12 11:00:00,wallet_1050,wallet_2410,0
0x8427e1e7aeea8494,QTOK,1.74453,0.003808,2024-01-12 12:00:00,wallet_1232,wallet_2075,0
0x0fe6d369adcd3595,QTOK,1.003122,0.002711,2024-01-12 13:00:00,wallet_1450,wallet_2413,0
0x5daf905e1aad772a,QTOK,0.849332,0.004815,2024-01-12 14:00:00,wallet_1759,wallet_2014,0
0xaa8ebce5926a92b9,QTOK,0.149138,0.001716,2024-01-12 15:00:00,wallet_1209,wallet_2609,0
0xea256f33f11f9540,QTOK,0.0937,0.003167,2024-01-12 16:00:00,wallet_1436,wallet_2757,0
0x14db1b2506142496,QTOK,0.55228,0.004661,2024-01-12 17:00:00,wallet_1888,wallet_2384,0
0xd4bee7dede614883,QTOK,1.325193,0.000522,2024-01-12 18:00:00,wallet_1726,wallet_2849,0
0x7804b31058576627,QTOK,0.406825,0.004687,2024-01-12 19:00:00,wallet_1037,wallet_2289,0
0x5a39d0937930d8d7,QTOK,0.423864,0.003443,2024-01-12 20:00:00,wallet_1491,wallet_2836,0
0x7b0f7f7fbb8b85e3,QTOK,0.164238,0.000349,2024-01-12 21:00:00,wallet_1311,wallet_2310,0
0xb62bc1caf1885f1a,QTOK,0.733737,0.001512,2024-01-12 22:00:00,wallet_1904,wallet_2002,0
0x58765a839a1ea8b3,QTOK,0.103539,0.003544,2024-01-12 23:00:00,wallet_1204,wallet_2159,0
0x6300e0bf9b03f351,QTOK,0.195544,0.000346,2024-01-13 00:00:00,wallet_1193,wallet_2463,0
0xd2c2e53a3431f8d9,QTOK,0.277072,0.002915,2024-01-13 01:00:00,wallet_1482,wallet_2813,0
0x90636a958553c549,QTOK,0.354242,0.001736,2024-01-13 02:00:00,wallet_1282,wallet_2290,0
0x6082ae459b1410a0,QTOK,0.138806,0.003108,2024-01-13 03:00:00,wallet_1316,wallet_2279,0
0x69bee1514742f2cb,QTOK,0.060992,0.000238,2024-01-13 04:00:00,wallet_1118,wallet_2855,0
0xb2efb742ee63a87f,QTOK,0.4716,0.004359,2024-01-13 05:00:00,wallet_1650,wallet_2684,0
0x7df731fe831f4097,QTOK,0.170282,0.004868,2024-01-13 06:00:00,wallet_1639,wallet_2173,0
0x4c1c977cb553caa4,QTOK,0.435227,0.004845,2024-01-13 07:00:00,wallet_1778,wallet_2556,0
0x811484109865f30c,QTOK,0.083832,0.003751,2024-01-13 08:00:00,wallet_1143,wallet_2298,0
0x63fe0bee67b91dff,QTOK,0.328061,0.000659,2024-01-13 09:00:00,wallet_1404,wallet_2326,0
0xabed466464c3dae0,QTOK,0.380274,0.003794,2024-01-13 10:00:00,wallet_1562,wallet_2722,0
0x6f4f1917b03af2a4,QTOK,0.026607,0.000133,2024-01-13 11:00:00,wallet_1663,wallet_2003,0
0x3c8c1246791d8d32,QTOK,0.205192,0.00012,2024-01-13 12:00:00,wallet_1446,wallet_2127,0
0x5960f1a3d95ca7a0,QTOK,0.072175,0.001625,2024-01-13 13:00:00,wallet_1969,wallet_2624,0
0xbaeb34bc49470418,QTOK,0.032736,0.002448,2024-01-13 14:00:00,wallet_1387,wallet_2479,0
0xde14fff9d91d5b05,QTOK,2.300601,0.003854,2024-01-13 15:00:00,wallet_1469,wallet_2940,1
0x0c8384458fe9149a,QTOK,0.194565,0.00342,2024-01-13 16:00:00,wallet_1871,wallet_2277,0
0xc83f155269ee7a51,QTOK,0.830035,0.002235,2024-01-13 17:00:00,wallet_1554,wallet_2719,0
0xac07aef9a8765d5f,QTOK,0.146944,0.001375,2024-01-13 18:00:00,wallet_1596,wallet_2528,0
0x15687d5d71662b5e,QTOK,0.572071,0.004986,2024-01-13 19:00:00,wallet_1953,wallet_2452,0
0x3b424356b5399973,QTOK,0.714033,0.002137,2024-01-13 20:00:00,wallet_1595,wallet_2887,0
0xb4bc3becbfc0be61,QTOK,0.452723,0.002262,2024-01-13 21:00:00,wallet_1105,wallet_2778,0
0x7b7a631a3ebdee90,QTOK,0.318928,0.000826,2024-01-13 22:00:00,wallet_1659,wallet_2241,0
0x6c3c1b87848ddfa7,QTOK,0.265379,0.003976,2024-01-13 23:00:00,wallet_1183,wallet_2735,0
0x058174de235c4b03,QTOK,0.214522,0.003471,2024-01-14 00:00:00,wallet_1103,wallet_2527,0
0x6089effd53e061ba,QTOK,1.326278,0.001112,2024-01-14 01:00:00,wallet_1464,wallet_2418,0
0xb616809b610ff4ef,QTOK,0.887804,0.000421,2024-01-14 02:00:00,wallet_1414,wallet_2481,0
0xee8a569df38a68d4,QTOK,1.676588,0.003406,2024-01-14 03:00:00,wallet_1320,wallet_2979,1
0x296f432bcf18d58f,QTOK,0.066364,0.003276,2024-01-14 04:00:00,wallet_1255,wallet_2791,0
0x559ce37a4d6d4b34,QTOK,0.656276,0.001374,2024-01-14 05:00:00,wallet_1407,wallet_2603,0
0x5d911eb6a07557bf,QTOK,1.393064,0.004755,2024-01-14 06:00:00,wallet_1101,wallet_2898,0
0xa6b8328346fbaba4,QTOK,0.099978,0.000764,2024-01-14 07:00:00,wallet_1567,wallet_2786,0
0xf3a03a5dc91c64a4,QTOK,0.034405,0.002167,2024-01-14 08:00:00,wallet_1801,wallet_2123,0
0x5407058ee6a673fd,QTOK,0.675697,0.004719,2024-01-14 09:00:00,wallet_1014,wallet_2534,0
0x57e67c40f0877b6b,QTOK,0.427214,0.002104,2024-01-14 10:00:00,wallet_1667,wallet_2981,0
0x108c8fa410b39e61,QTOK,0.922039,0.003196,2024-01-14 11:00:00,wallet_1895,wallet_2823,0
0x1a91794ee1064c72,QTOK,0.075279,0.001994,2024-01-14 12:00:00,wallet_1894,wallet_2087,0
0xea2ce2375c9c0a50,QTOK,0.793025,0.001378,2024-01-14 13:00:00,wallet_1006,wallet_2123,0
0x4a2b58f24ce9c871,QTOK,0.11259,0.00492,2024-01-14 14:00:00,wallet_1192,wallet_2470,0
0x3e7e101a5e66a4c5,QTOK,0.089358,0.002053,2024-01-14 15:00:00,wallet_1112,wallet_2111,0
0x5d12f4f3aa196a5c,QTOK,0.089722,0.004472,2024-01-14 16:00:00,wallet_1198,wallet_2516,0
0x6af9e7f69813392a,QTOK,0.842552,0.001157,2024-01-14 17:00:00,wallet_1208,wallet_2242,0
0x8076c79a7c3483d7,QTOK,0.547107,0.001073,2024-01-14 18:00:00,wallet_1466,wallet_2078,0
0x5aa6379fbefc55e8,QTOK,0.370188,0.000165,2024-01-14 19:00:00,wallet_1662,wallet_2898,0
0x124ef11376814398,QTOK,0.222231,0.003262,2024-01-14 20:00:00,wallet_1904,wallet_2699,0
0x4ed676de1e36b0a7,QTOK,1.048601,0.001849,2024-01-14 21:00:00,wallet_1225,wallet_2119,0
0xaefb916d88fbbbc8,QTOK,0.249156,0.004323,2024-01-14 22:00:00,wallet_1913,wallet_2810,0
0x9b989dfbd82b39e7,QTOK,0.848041,0.002371,2024-01-14 23:00:00,wallet_1656,wallet_2026,0
0x116b09dbd1d25dd9,QTOK,0.289137,0.004841,2024-01-15 00:00:00,wallet_1448,wallet_2442,0
0xc5b3cfa6a1b3bb06,QTOK,0.23656,0.000936,2024-01-15 01:00:00,wallet_1150,wallet_2996,0
0x7d462a61ce5d40e3,QTOK,0.310581,0.004344,2024-01-15 02:00:00,wallet_1097,wallet_2293,0
0x9c87f311f3e1841a,QTOK,0.179323,0.003885,2024-01-15 03:00:00,wallet_1110,wallet_2325,0
0x909c95b61ac36668,QTOK,0.688389,0.003857,2024-01-15 04:00:00,wallet_1047,wallet_2039,0
0x177c046d70f01e78,QTOK,0.349301,0.004225,2024-01-15 05:00:00,wallet_1078,wallet_2851,0
0xdd44f76299b4623d,QTOK,0.132121,0.003808,2024-01-15 06:00:00,wallet_1169,wallet_2308,0
0x6e44f47872d04bae,QTOK,1.14917,0.003135,2024-01-15 07:00:00,wallet_1531,wallet_2872,0
0xf166da9631d1ced1,QTOK,0.242166,0.000665,2024-01-15 08:00:00,wallet_1348,wallet_2643,0
0x6079151b047a12ea,QTOK,0.392141,0.000172,2024-01-15 09:00:00,wallet_1240,wallet_2144,0
0x30c4d869bbe43fd2,QTOK,1.184748,0.004605,2024-01-15 10:00:00,wallet_1297,wallet_2850,0
0xe99d76ef8eb7b0af,QTOK,0.4894,0.003087,2024-01-15 11:00:00,wallet_1160,wallet_2141,0
0xb94033599c9e6be1,QTOK,0.062157,0.003985,2024-01-15 12:00:00,wallet_1915,wallet_2193,0
0x4be9a9e8216c0eb6,QTOK,1.405308,0.002413,2024-01-15 13:00:00,wallet_1621,wallet_2809,0
0xa35e1b0aa5566262,QTOK,0.494038,0.000595,2024-01-15 14:00:00,wallet_1323,wallet_2263,0
0xd5babf62d97bc6ba,QTOK,0.203913,0.000635,2024-01-15 15:00:00,wallet_1400,wallet_2191,0
0xf687f35957e44c09,QTOK,0.074988,0.003431,2024-01-15 16:00:00,wallet_1571,wallet_2642,0
0x5918b6fa47d80242,QTOK,0.790001,0.002157,2024-01-15 17:00:00,wallet_1963,wallet_2440,0
0x00cb0e91ec5c3b6e,QTOK,0.483888,0.001011,2024-01-15 18:00:00,wallet_1598,wallet_2775,0
0x9edd57215e820439,QTOK,0.381207,0.002463,2024-01-15 19:00:00,wallet_1603,wallet_2272,0
0xb45c49539ba26e9a,QTOK,1.121652,0.00033,2024-01-15 20:00:00,wallet_1292,wallet_2914,0
0x983e39b409b7ae2d,QTOK,0.776995,0.002914,2024-01-15 21:00:00,wallet_1223,wallet_2365,0
0xbadf4fda2ee5843d,QTOK,0.082246,0.001352,2024-01-15 22:00:00,wallet_1528,wallet_2015,0
0xa8a5107800ad8630,QTOK,0.186781,0.00399,2024-01-15 23:00:00,wallet_1707,wallet_2782,0
0xe353cefea2223989,QTOK,0.142835,0.001559,2024-01-16 00:00:00,wallet_1720,wallet_2112,0
0x6ad840ba9e66de6c,QTOK,0.681184,0.002282,2024-01-16 01:00:00,wallet_1545,wallet_2855,0
0x23ddfe3a276dee44,QTOK,0.017054,0.000068,2024-01-16 02:00:00,wallet_1215,wallet_2788,0
0x237921f2861b6433,QTOK,0.421857,0.000372,2024-01-16 03:00:00,wallet_1698,wallet_2675,0
0x12bddb423f12c546,QTOK,0.718707,0.001969,2024-01-16 04:00:00,wallet_1367,wallet_2702,0
0x00996ed3d382d24f,QTOK,1.046834,0.002405,2024-01-16 05:00:00,wallet_1220,wallet_2268,0
0x743b7e4445745f1e,QTOK,0.209337,0.003004,2024-01-16 06:00:00,wallet_1368,wallet_2046,0
0xf559ddf641d18c08,QTOK,0.860904,0.001465,2024-01-16 07:00:00,wallet_1932,wallet_2175,0
0x694eee9de0792579,QTOK,0.058622,0.003478,2024-01-16 08:00:00,wallet_1790,wallet_2287,0
0x63f7856b7c15e779,QTOK,0.936872,0.004302,2024-01-16 09:00:00,wallet_1697,wallet_2822,0
0xe1ab1f2f66359a94,QTOK,0.06819,0.003901,2024-01-16 10:00:00,wallet_1059,wallet_2452,0
0x3e5c1676ffb58928,QTOK,0.253157,0.000208,2024-01-16 11:00:00,wallet_1912,wallet_2660,0
0x189f563e22ccc57a,QTOK,0.798003,0.002408,2024-01-16 12:00:00,wallet_1133,wallet_2328,0
0xc95b9f8127c3b60f,QTOK,0.081211,0.000534,2024-01-16 13:00:00,wallet_1200,wallet_2783,0
0x882a24f3b9d34780,QTOK,0.130197,0.001218,2024-01-16 14:00:00,wallet_1429,wallet_2339,0
0x2e83c137d8efd68a,QTOK,0.640522,0.004933,2024-01-16 15:00:00,wallet_1827,wallet_2640,0
0xe8c60c9275b6acaf,QTOK,0.636548,0.000721,2024-01-16 16:00:00,wallet_1507,wallet_2167,0
0x52f1b5c3c07ba8ec,QTOK,0.512422,0.002499,2024-01-16 17:00:00,wallet_1445,wallet_2086,0
0x0d8e5384ef460fb2,QTOK,0.592001,0.003095,2024-01-16 18:00:00,wallet_1565,wallet_2033,0
0x867efcc874142e1a,QTOK,0.391235,0.003515,2024-01-16 19:00:00,wallet_1987,wallet_2918,0
0x9c5cec36e65be639,QTOK,0.145042,0.002803,2024-01-16 20:00:00,wallet_1489,wallet_2571,0
0x5a2bcc765150df77,QTOK,0.212092,0.000059,2024-01-16 21:00:00,wallet_1501,wallet_2092,0
0x6bbd646c240fccad,QTOK,0.100201,0.001639,2024-01-16 22:00:00,wallet_1345,wallet_2820,0
0x3c417f3e2c12cd85,QTOK,1.195438,0.002593,2024-01-16 23:00:00,wallet_1549,wallet_2271,1
0x5b0b84e463b7ed62,QTOK,0.437805,0.000448,2024-01-17 00:00:00,wallet_1727,wallet_2041,0
0x35d119ba65c31d30,QTOK,0.256123,0.00176,2024-01-17 01:00:00,wallet_1124,wallet_2411,0
0xed15a154bf58edd0,QTOK,0.309954,0.000176,2024-01-17 02:00:00,wallet_1566,wallet_2855,0
0x570ee591ec56b489,QTOK,1.471412,0.000402,2024-01-17 03:00:00,wallet_1636,wallet_2571,0
0x966b45adeb1625a0,QTOK,0.083235,0.001991,2024-01-17 04:00:00,wallet_1291,wallet_2984,0
0x976df17f4a91a744,QTOK,0.441222,0.000672,2024-01-17 05:00:00,wallet_1013,wallet_2566,0
0xbda6728fa67f8c90,QTOK,0.352497,0.002842,2024-01-17 06:00:00,wallet_1843,wallet_2121,0
0x1d7506c98837bac1,QTOK,0.472672,0.00345,2024-01-17 07:00:00,wallet_1595,wallet_2261,0
0x0cde42a4714e2007,QTOK,0.009138,0.004005,2024-01-17 08:00:00,wallet_1097,wallet_2065,0
0x0c8c82bb2555076e,QTOK,1.028347,0.001009,2024-01-17 09:00:00,wallet_1891,wallet_2589,0
0x566eb435aa379b3d,QTOK,1.344994,0.000846,2024-01-17 10:00:00,wallet_1936,wallet_2491,1
0xcb7d97607e32834e,QTOK,0.416358,0.000532,2024-01-17 11:00:00,wallet_1863,wallet_2305,0
0xa7d9a26a470d5b98,QTOK,0.596435,0.003186,2024-01-17 12:00:00,wallet_1351,wallet_2600,0
0x030563e721436861,QTOK,1.278735,0.003535,2024-01-17 13:00:00,wallet_1392,wallet_2850,0
0x895fb1334d9af60a,QTOK,0.614199,0.000168,2024-01-17 14:00:00,wallet_1637,wallet_2014,0
0xdfafd3dcce628212,QTOK,0.082755,0.004682,2024-01-17 15:00:00,wallet_1963,wallet_2363,0
0x3ddbc63353bb0182,QTOK,0.429351,0.000269,2024-01-17 16:00:00,wallet_1304,wallet_2038,0
0xf9c6f57931bac695,QTOK,0.46661,0.002711,2024-01-17 17:00:00,wallet_1446,wallet_2033,0
0xecb70c0ede28e393,QTOK,0.275937,0.003548,2024-01-17 18:00:00,wallet_1773,wallet_2676,0
0xac49a3c973e92742,QTOK,0.666745,0.004356,2024-01-17 19:00:00,wallet_1251,wallet_2851,0
0xb136ccd930df4a4b,QTOK,1.361838,0.003573,2024-01-17 20:00:00,wallet_1972,wallet_2934,0
0x301a7922a1c1f189,QTOK,1.298938,0.004011,2024-01-17 21:00:00,wallet_1170,wallet_2212,0
0x1d920e7ad48cfd6d,QTOK,0.299682,0.001704,2024-01-17 22:00:00,wallet_1776,wallet_2295,0
0x0c0b2e16cf09f45d,QTOK,0.060089,0.004076,2024-01-17 23:00:00,wallet_1629,wallet_2587,0
0x09d36dd91693ea4e,QTOK,2.094587,0.00041,2024-01-18 00:00:00,wallet_1038,wallet_2752,1
0x625fcd1cc9c162a6,QTOK,0.912859,0.004475,2024-01-18 01:00:00,wallet_1769,wallet_2783,0
0xce9e34935bf0922c,QTOK,0.066573,0.002742,2024-01-18 02:00:00,wallet_1983,wallet_2084,0
0xea5022740f837567,QTOK,1.268154,0.004088,2024-01-18 03:00:00,wallet_1212,wallet_2570,1
0x310b2016063a6e0b,QTOK,1.019712,0.002267,2024-01-18 04:00:00,wallet_1656,wallet_2193,0
0xf050db93b9c1510c,QTOK,0.365776,0.003221,2024-01-18 05:00:00,wallet_1999,wallet_2561,0
0xe95cd318b110949d,QTOK,0.447357,0.002637,2024-01-18 06:00:00,wallet_1433,wallet_2266,0
0x0bbe127cca4bfe4b,QTOK,0.254582,0.003661,2024-01-18 07:00:00,wallet_1376,wallet_2375,0
0x8d0dc2704c5f4258,QTOK,0.028159,0.000417,2024-01-18 08:00:00,wallet_1843,wallet_2745,0
0xb39f11406b6866c2,QTOK,0.204132,0.000311,2024-01-18 09:00:00,wallet_1795,wallet_2143,0
0x6afe0c9ee8912195,QTOK,0.811904,0.001243,2024-01-18 10:00:00,wallet_1918,wallet_2760,0
0x2ff1ac0bd7c41950,QTOK,0.002321,0.000806,2024-01-18 11:00:00,wallet_1748,wallet_2780,0
0xec95e71e49fd35e6,QTOK,0.202857,0.00436,2024-01-18 12:00:00,wallet_1251,wallet_2306,0
0xd0f903faf3059710,QTOK,0.253889,0.001104,2024-01-18 13:00:00,wallet_1136,wallet_2479,0
0xefafb4a9b9b413ab,QTOK,0.385442,0.00488,2024-01-18 14:00:00,wallet_1308,wallet_2259,0
0x2f8ecd8a67e4ceb2,QTOK,1.261963,0.001691,2024-01-18 15:00:00,wallet_1204,wallet_2652,1
0x94e33971066c18ea,QTOK,0.212589,0.000919,2024-01-18 16:00:00,wallet_1987,wallet_2196,0
0x7d2a77159546d394,QTOK,0.213053,0.003951,2024-01-18 17:00:00,wallet_1502,wallet_2855,0
0x588d9f35cee8c7a8,QTOK,0.668754,0.003297,2024-01-18 18:00:00,wallet_1945,wallet_2732,0
0x94e3842b3255a48e,QTOK,0.300939,0.002496,2024-01-18 19:00:00,wallet_1183,wallet_2677,0
0x1310de2d96945e36,QTOK,0.127191,0.002781,2024-01-18 20:00:00,wallet_1728,wallet_2495,0
0xd76d7014d4a8f81e,QTOK,0.301141,0.003599,2024-01-18 21:00:00,wallet_1125,wallet_2815,0
0xfa8e4706c1bdc18b,QTOK,0.07591,0.00115,2024-01-18 22:00:00,wallet_1895,wallet_2927,0
0x4fab2253a35cc451,QTOK,0.097027,0.004982,2024-01-18 23:00:00,wallet_1488,wallet_2079,0
0x8ea29b9473a49f4c,QTOK,0.344944,0.004874,2024-01-19 00:00:00,wallet_1414,wallet_2463,0
0x81d0a6fed0d12725,QTOK,0.271438,0.003255,2024-01-19 01:00:00,wallet_1404,wallet_2269,0
0x34879f1991d3fbc1,QTOK,1.231646,0.001006,2024-01-19 02:00:00,wallet_1596,wallet_2266,1
0x4348450bc8762cf6,QTOK,0.225017,0.003404,2024-01-19 03:00:00,wallet_1763,wallet_2732,0
0x571f77953b2073a5,QTOK,0.434451,0.00037,2024-01-19 04:00:00,wallet_1180,wallet_2507,0
0xb1a843ba6579fbad,QTOK,0.500195,0.000163,2024-01-19 05:00:00,wallet_1380,wallet_2445,0
0xd6bf59e546e2b021,QTOK,0.00659,0.001296,2024-01-19 06:00:00,wallet_1557,wallet_2009,0
0x5c2e5b70cb405cfa,QTOK,0.544634,0.002318,2024-01-19 07:00:00,wallet_1634,wallet_2125,0
0x83fb342d0caa5a57,QTOK,0.098029,0.004343,2024-01-19 08:00:00,wallet_1218,wallet_2505,0
0x588fcdfa194dcc2e,QTOK,1.622999,0.003639,2024-01-19 09:00:00,wallet_1775,wallet_2764,1
0xecbc0fddfa611ab8,QTOK,0.080473,0.003716,2024-01-19 10:00:00,wallet_1223,wallet_2672,0
0x5c710687fc3583cf,QTOK,0.267751,0.002133,2024-01-19 11:00:00,wallet_1783,wallet_2040,0
0x7108c67eab41a25f,QTOK,0.044607,0.001736,2024-01-19 12:00:00,wallet_1621,wallet_2122,0
0xc209cc8b51fdd466,QTOK,2.884041,0.001861,2024-01-19 13:00:00,wallet_1569,wallet_2935,1
0xa7fc08bee5dbda3e,QTOK,0.348773,0.004938,2024-01-19 14:00:00,wallet_1571,wallet_2515,0
0x0e3d5a12b4e53f34,QTOK,0.45241,0.00021,2024-01-19 15:00:00,wallet_1671,wallet_2563,0
0xeb7178ed1dd9dbae,QTOK,0.034716,0.004336,2024-01-19 16:00:00,wallet_1547,wallet_2937,0
0x7378a2617b4a7821,QTOK,0.693068,0.002898,2024-01-19 17:00:00,wallet_1526,wallet_2463,0
0x23e254d70a6150c4,QTOK,0.117801,0.002199,2024-01-19 18:00:00,wallet_1114,wallet_2835,0
0xca02498362ad6157,QTOK,1.141657,0.003629,2024-01-19 19:00:00,wallet_1342,wallet_2010,0
0xe0ca7bea2c6cfb20,QTOK,0.114794,0.002438,2024-01-19 20:00:00,wallet_1565,wallet_2549,0
0x647a2047005a7b57,QTOK,0.105785,0.004368,2024-01-19 21:00:00,wallet_1106,wallet_2829,0
0x63f6bcda465843ef,QTOK,0.018617,0.004505,2024-01-19 22:00:00,wallet_1604,wallet_2590,0
0xf148e30ddf765a99,QTOK,0.319393,0.002114,2024-01-19 23:00:00,wallet_1494,wallet_2570,0
0x35b2b3f8d20fdb0b,QTOK,0.416022,0.001391,2024-01-20 00:00:00,wallet_1260,wallet_2168,0
0xd8e9a8f5c94a66eb,QTOK,0.033983,0.002966,2024-01-20 01:00:00,wallet_1328,wallet_2218,0
0xd2bbef690028401b,QTOK,0.747001,0.004563,2024-01-20 02:00:00,wallet_1607,wallet_2507,0
0x242ffd5a70a93ab9,QTOK,0.301917,0.001061,2024-01-20 03:00:00,wallet_1008,wallet_2933,0
0xc9ed097160b91a56,QTOK,0.371579,0.003119,2024-01-20 04:00:00,wallet_1186,wallet_2904,0
0x5b5f27e240a192fa,QTOK,0.290591,0.003161,2024-01-20 05:00:00,wallet_1252,wallet_2847,0
0x369a7b0d11f55066,QTOK,0.256049,0.003668,2024-01-20 06:00:00,wallet_1699,wallet_2521,0
0xcd0dc289aa046612,QTOK,0.410082,0.000667,2024-01-20 07:00:00,wallet_1657,wallet_2865,0
0x44e28f6680152e0b,QTOK,0.084352,0.003582,2024-01-20 08:00:00,wallet_1908,wallet_2258,0
0xa1bdee6b7e0382eb,QTOK,0.100403,0.004546,2024-01-20 09:00:00,wallet_1363,wallet_2758,0
0x4bbeb9486a4df714,QTOK,0.989475,0.000907,2024-01-20 10:00:00,wallet_1900,wallet_2074,0
0x3aca000a1d346910,QTOK,1.460456,0.001195,2024-01-20 11:00:00,wallet_1447,wallet_2726,0
0xe8c9e6a754d4c36a,QTOK,0.233651,0.004857,2024-01-20 12:00:00,wallet_1739,wallet_2750,0
0x160695b9f09a42e1,QTOK,0.157866,0.000913,2024-01-20 13:00:00,wallet_1452,wallet_2295,0
0x88cb94dee5abe209,QTOK,0.516412,0.004273,2024-01-20 14:00:00,wallet_1104,wallet_2069,0
0xc3021b686d192d19,QTOK,0.262745,0.002466,2024-01-20 15:00:00,wallet_1609,wallet_2014,0
0x5431eb25121be852,QTOK,0.012857,0.001244,2024-01-20 16:00:00,wallet_1509,wallet_2430,0
0x2facfd5da4f36706,QTOK,0.084892,0.004355,2024-01-20 17:00:00,wallet_1696,wallet_2018,0
0x31ba631f6dddce75,QTOK,0.629342,0.002232,2024-01-20 18:00:00,wallet_1110,wallet_2756,0
0x5a1c7f1bc7e4529b,QTOK,0.537825,0.002579,2024-01-20 19:00:00,wallet_1441,wallet_2967,0
0x02af0c286bd56556,QTOK,0.013735,0.001803,2024-01-20 20:00:00,wallet_1068,wallet_2161,0
0x6dccc8402e30111c,QTOK,0.125496,0.002969,2024-01-20 21:00:00,wallet_1303,wallet_2146,0
0xb8b3a723b5311ca3,QTOK,0.131381,0.000826,2024-01-20 22:00:00,wallet_1579,wallet_2634,0
0xf0e3fa232bd58628,QTOK,0.557207,0.001961,2024-01-20 23:00:00,wallet_1839,wallet_2432,0
0xe3b0132ba2174b9b,QTOK,0.009954,0.004847,2024-01-21 00:00:00,wallet_1320,wallet_2511,0
0x9766f9cf561a9e86,QTOK,0.054968,0.001298,2024-01-21 01:00:00,wallet_1999,wallet_2643,0
0x51995e998cab62d0,QTOK,0.804509,0.003287,2024-01-21 02:00:00,wallet_1154,wallet_2430,0
0x504ca4b80215a00a,QTOK,0.098339,0.001633,2024-01-21 03:00:00,wallet_1233,wallet_2086,0
0x8bce260225459a10,QTOK,0.52885,0.00387,2024-01-21 04:00:00,wallet_1224,wallet_2999,0
0x41a14156c30ab2f2,QTOK,0.136024,0.000663,2024-01-21 05:00:00,wallet_1451,wallet_2015,0
0x338919176a66d85c,QTOK,0.05237,0.004849,2024-01-21 06:00:00,wallet_1961,wallet_2549,0
0xd06443945df1a468,QTOK,0.13931,0.002274,2024-01-21 07:00:00,wallet_1226,wallet_2912,0
0x8e294d266c519008,QTOK,0.640547,0.001188,2024-01-21 08:00:00,wallet_1224,wallet_2681,0
0x6992c859fd8c50c8,QTOK,0.967918,0.000377,2024-01-21 09:00:00,wallet_1551,wallet_2106,0
0x0ae2513e99d6f282,QTOK,0.886625,0.000857,2024-01-21 10:00:00,wallet_1855,wallet_2864,0
0x5a4032938a538ff7,QTOK,0.253071,0.002604,2024-01-21 11:00:00,wallet_1382,wallet_2691,0
0x6d979c572cc42b6d,QTOK,0.551438,0.001692,2024-01-21 12:00:00,wallet_1457,wallet_2040,0
0x75a9500fcf0a4d1e,QTOK,0.114697,0.004146,2024-01-21 13:00:00,wallet_1852,wallet_2231,0
0xf96e81092c6a5038,QTOK,0.173467,0.00216,2024-01-21 14:00:00,wallet_1398,wallet_2676,0
0xda581855e887c883,QTOK,1.133299,0.001251,2024-01-21 15:00:00,wallet_1867,wallet_2086,0
0x338f7936309c47d3,QTOK,0.006544,0.00309,2024-01-21 16:00:00,wallet_1032,wallet_2552,0
0x4981edb72660e8ac,QTOK,0.044694,0.003537,2024-01-21 17:00:00,wallet_1150,wallet_2556,0
0xb0f820864b5d9988,QTOK,0.116525,0.000844,2024-01-21 18:00:00,wallet_1674,wallet_2997,0
0xa91d53d693e25ecf,QTOK,0.013445,0.000846,2024-01-21 19:00:00,wallet_1263,wallet_2131,0